model,method,lr,init,momentum,avg_mse,avg_r2,seconds
normal,batch,0.01,zeros,True,0.07530716967556517,0.8715340468279633,25.0
normal,batch,0.001,zeros,True,0.08774480931402552,0.8502589256269278,23.0
normal,batch,0.0001,zeros,True,0.19838468768570314,0.6613244580275968,26.3
normal,batch,0.01,xavier,True,0.07536020893227498,0.8714355401688829,35.2
normal,batch,0.001,xavier,True,0.09507401568152529,0.8375841299534179,35.8
normal,batch,0.0001,xavier,True,0.21989753658505842,0.6243778332479052,35.0
normal,mini,0.01,zeros,True,0.07370371155052526,0.8742941489100106,4.0
normal,mini,0.001,zeros,True,0.07580276061674833,0.8706848371738922,4.0
normal,mini,0.0001,zeros,True,0.09104067470245013,0.8446201870615028,4.3
normal,mini,0.01,xavier,True,0.08075675999348196,0.8622311009497632,4.2
normal,mini,0.001,xavier,True,0.07661267718047769,0.8692803999208006,4.1
normal,mini,0.0001,xavier,True,0.09174425740042226,0.8433497746007109,3.9
normal,sto,0.01,zeros,True,0.12506638933031375,0.7861917452485209,2.0
normal,sto,0.001,zeros,True,0.07534524141396488,0.8715662407068545,2.0
normal,sto,0.0001,zeros,True,0.08068672852956325,0.8624461101567382,2.0
normal,sto,0.01,xavier,True,0.6184499980717727,-0.07655294659015281,4.9
normal,sto,0.001,xavier,True,0.07707451638882416,0.8687074064020011,1.7
normal,sto,0.0001,xavier,True,0.080138494565351,0.8632414708474322,1.9
normal,batch,0.01,zeros,False,0.08768390806523572,0.8503619097147391,33.8
normal,batch,0.001,zeros,False,0.19790294844774314,0.6621463365968899,36.3
normal,batch,0.0001,zeros,False,0.5078694173405272,0.13292531100878047,30.4
normal,batch,0.01,xavier,False,0.09418719128788204,0.8391964018740691,32.5
normal,batch,0.001,xavier,False,0.23910103185044543,0.5922861523398539,32.8
normal,batch,0.0001,xavier,False,0.7010732683401444,-0.19621467039509813,23.3
normal,mini,0.01,zeros,False,0.07585777593752212,0.8705924746644106,2.4
normal,mini,0.001,zeros,False,0.09101178322351718,0.8446694813482875,2.6
normal,mini,0.0001,zeros,False,0.2462892670004474,0.5795520378276178,2.6
normal,mini,0.01,xavier,False,0.07655818270719894,0.869400029462998,2.5
normal,mini,0.001,xavier,False,0.09684849687112325,0.8344167617222092,2.5
normal,mini,0.0001,xavier,False,0.27779777014995066,0.526626623411989,2.5
normal,sto,0.01,zeros,False,0.07933600768295655,0.8647312794033266,0.9
normal,sto,0.001,zeros,False,0.08015808919334748,0.8632901400766141,0.9
normal,sto,0.0001,zeros,False,0.1022336651012254,0.8254807573744039,0.9
normal,sto,0.01,xavier,False,0.07806499441214959,0.8668778582988761,0.9
normal,sto,0.001,xavier,False,0.08149982494654961,0.8609768998491752,1.0
normal,sto,0.0001,xavier,False,0.10884309086118561,0.8141324341842976,0.9
lasso,batch,0.01,zeros,True,0.1265819954378735,0.7839057310676797,8.5
lasso,batch,0.001,zeros,True,0.1299434295404128,0.7781903261006086,21.0
lasso,batch,0.0001,zeros,True,0.2666929487786152,0.5447604847277335,35.3
lasso,batch,0.01,xavier,True,0.12691223062809043,0.7833235039080022,22.6
lasso,batch,0.001,xavier,True,0.13207702240657412,0.7744789891803805,19.4
lasso,batch,0.0001,xavier,True,0.2093178026512441,0.6431177542113823,36.4
lasso,mini,0.01,zeros,True,0.1279990349115615,0.7812668357680379,4.0
lasso,mini,0.001,zeros,True,0.1271001654007827,0.7830615902715136,3.4
lasso,mini,0.0001,zeros,True,0.12965429856412314,0.7786822200331042,4.2
lasso,mini,0.01,xavier,True,0.1254769038145689,0.7857222904496183,4.0
lasso,mini,0.001,xavier,True,0.1268792650272011,0.783413251692182,2.7
lasso,mini,0.0001,xavier,True,0.13109008318382404,0.7762187076554615,2.6
lasso,sto,0.01,zeros,True,0.1590270999242334,0.7285083885857736,1.0
lasso,sto,0.001,zeros,True,0.11855200979533397,0.7976101050729968,1.0
lasso,sto,0.0001,zeros,True,0.12912463541690897,0.7796161403050713,1.0
lasso,sto,0.01,xavier,True,0.17956341743693707,0.6935052251438018,1.0
lasso,sto,0.001,xavier,True,0.12501032930742148,0.7866307045499136,1.0
lasso,sto,0.0001,xavier,True,0.12653156715688998,0.7839670340383299,1.0
lasso,batch,0.01,zeros,False,0.13489147861227443,0.7700679661606835,14.8
lasso,batch,0.001,zeros,False,0.2662892031035511,0.5454485107456045,23.1
lasso,batch,0.0001,zeros,False,0.5282498490632344,0.09813330945050798,22.9
lasso,batch,0.01,xavier,False,0.13163221838963243,0.7753078609617399,14.0
lasso,batch,0.001,xavier,False,0.25257184773214053,0.5685890033278294,23.0
lasso,batch,0.0001,xavier,False,0.5051173229524198,0.14154936432909274,23.6
lasso,mini,0.01,zeros,False,0.12681057721293681,0.7835276716424686,2.5
lasso,mini,0.001,zeros,False,0.12967494496550996,0.7786443226835921,2.5
lasso,mini,0.0001,zeros,False,0.3133920407352343,0.4650377915928532,2.5
lasso,mini,0.01,xavier,False,0.12735778248520044,0.782621556396052,2.5
lasso,mini,0.001,xavier,False,0.13136474029293266,0.7757819271073195,2.5
lasso,mini,0.0001,xavier,False,0.2889953155186582,0.5062751069458024,2.5
lasso,sto,0.01,zeros,False,0.14273833774032568,0.7554086262636263,0.9
lasso,sto,0.001,zeros,False,0.12595624035103622,0.7850452505206514,0.9
lasso,sto,0.0001,zeros,False,0.14296284282745017,0.7559501859694909,0.9
lasso,sto,0.01,xavier,False,0.13081650520546492,0.7766433895038113,0.9
lasso,sto,0.001,xavier,False,0.1253758529814898,0.7859686340169673,0.9
lasso,sto,0.0001,xavier,False,0.14374156863973162,0.7545941564640207,0.9
ridge,batch,0.01,zeros,True,0.09572420754030113,0.8365952152403594,6.2
ridge,batch,0.001,zeros,True,0.09889465462865009,0.8311740256183087,23.5
ridge,batch,0.0001,zeros,True,0.20761003011765364,0.6455771164079285,23.4
ridge,batch,0.01,xavier,True,0.09576235800473633,0.8365202825399031,6.0
ridge,batch,0.001,xavier,True,0.10106699874615423,0.8274231650996774,23.4
ridge,batch,0.0001,xavier,True,0.2025298889656217,0.6547076512181771,23.2
ridge,mini,0.01,zeros,True,0.09593225098649971,0.8362321912495668,2.6
ridge,mini,0.001,zeros,True,0.0952788984540669,0.837348795000621,2.5
ridge,mini,0.0001,zeros,True,0.1013925779262164,0.8269095109696187,2.5
ridge,mini,0.01,xavier,True,0.09794083186541087,0.8325385143685082,2.5
ridge,mini,0.001,xavier,True,0.09564090502928187,0.8367325812718001,2.5
ridge,mini,0.0001,xavier,True,0.10291592465734127,0.8243129664421458,2.5
ridge,sto,0.01,zeros,True,0.1382532841647457,0.76415857300518,1.0
ridge,sto,0.001,zeros,True,0.11585998685545991,0.8020397832009972,1.0
ridge,sto,0.0001,zeros,True,0.09626711251950482,0.8357253829439625,1.0
ridge,sto,0.01,xavier,True,0.13780695316251285,0.7637250636471644,1.0
ridge,sto,0.001,xavier,True,0.09880809168656761,0.8309067891983558,1.0
ridge,sto,0.0001,xavier,True,0.09564596570911126,0.8367723140276117,1.0
ridge,batch,0.01,zeros,False,0.09902137228869401,0.8309575050995465,22.8
ridge,batch,0.001,zeros,False,0.20741122697615344,0.6459159713697104,23.0
ridge,batch,0.0001,zeros,False,0.5082324985970313,0.13230524668456348,23.0
ridge,batch,0.01,xavier,False,0.09985807498687192,0.8296053501284041,23.6
ridge,batch,0.001,xavier,False,0.20687568579493823,0.6459688346060941,23.2
ridge,batch,0.0001,xavier,False,0.5547955966549643,0.052271100368070735,24.8
ridge,mini,0.01,zeros,False,0.09567876373610246,0.83666059998188,2.0
ridge,mini,0.001,zeros,False,0.10140994227069777,0.8268792691128971,2.6
ridge,mini,0.0001,zeros,False,0.25366844971277597,0.5669547379074251,2.5
ridge,mini,0.01,xavier,False,0.0951162495355673,0.8376374618160201,2.5
ridge,mini,0.001,xavier,False,0.09995527226479572,0.8293160921833597,2.5
ridge,mini,0.0001,xavier,False,0.28023155375954273,0.5238843690231189,2.5
ridge,sto,0.01,zeros,False,0.1346419778225138,0.771653465692581,1.0
ridge,sto,0.001,zeros,False,0.09605879930783388,0.8359421439533244,0.9
ridge,sto,0.0001,zeros,False,0.11232326699531954,0.808247576472243,0.9
ridge,sto,0.01,xavier,False,0.12873763768163618,0.7819326755945829,0.9
ridge,sto,0.001,xavier,False,0.09483289216026287,0.8381475418142655,0.9
ridge,sto,0.0001,xavier,False,0.11274225132250885,0.8075651475639045,0.9
polynomial,batch,0.01,zeros,True,0.06728386217411025,0.8851450052441349,23.9
polynomial,batch,0.001,zeros,True,0.0815962074102571,0.8607494908855561,24.0
polynomial,batch,0.0001,zeros,True,0.19132093799194236,0.673445650549025,24.0
polynomial,batch,0.01,xavier,True,0.06914233206489155,0.8819890889796492,24.0
polynomial,batch,0.001,xavier,True,0.08881681825578108,0.8485298295155775,23.9
polynomial,batch,0.0001,xavier,True,0.2544639765095289,0.5665793496158648,23.8
polynomial,mini,0.01,zeros,True,9.665314628951785e+52,-1.7131547306986988e+53,2.6
polynomial,mini,0.001,zeros,True,0.06843928386141612,0.883173724523416,2.6
polynomial,mini,0.0001,zeros,True,0.08587550261483967,0.8534623884087461,2.6
polynomial,mini,0.01,xavier,True,2.164650090744115e+57,-3.83683180824042e+57,2.6
polynomial,mini,0.001,xavier,True,0.08050274968291567,0.86266705550786,2.6
polynomial,mini,0.0001,xavier,True,0.09251100882684395,0.8419481798965182,2.6
polynomial,sto,0.01,zeros,True,,,1.0
polynomial,sto,0.001,zeros,True,8.953950643289398e+21,-1.587083348174962e+22,1.0
polynomial,sto,0.0001,zeros,True,2.50779069087671,-3.148578550911912,1.0
polynomial,sto,0.01,xavier,True,,,0.9
polynomial,sto,0.001,xavier,True,3.1638721202458173e+18,-5.23619598136451e+18,1.0
polynomial,sto,0.0001,xavier,True,53.431112891345975,-92.62886242207009,1.0
polynomial,batch,0.01,zeros,False,0.08152706769739616,0.8608683906507295,24.9
polynomial,batch,0.001,zeros,False,0.19084586870657638,0.6742542008205774,24.0
polynomial,batch,0.0001,zeros,False,0.47170561381717996,0.19464083261169676,24.3
polynomial,batch,0.01,xavier,False,0.08279863308841375,0.8586550031655954,23.8
polynomial,batch,0.001,xavier,False,0.20281235145931945,0.6540691319786709,24.3
polynomial,batch,0.0001,xavier,False,0.6619580603661838,-0.12832534882938695,23.8
polynomial,mini,0.01,zeros,False,0.06841170295172283,0.8832166506642233,2.5
polynomial,mini,0.001,zeros,False,0.08590093490589491,0.8534204731891902,2.6
polynomial,mini,0.0001,zeros,False,0.22436030356055991,0.6169807155033602,2.6
polynomial,mini,0.01,xavier,False,0.0675095631270305,0.8847645114065722,2.5
polynomial,mini,0.001,xavier,False,0.0947673710403056,0.8382228494008901,2.6
polynomial,mini,0.0001,xavier,False,0.315696262085233,0.4596950782682751,2.6
polynomial,sto,0.01,zeros,False,1.3435727197188934e+17,-2.2320186533576842e+17,1.0
polynomial,sto,0.001,zeros,False,0.863477850758196,-0.5200978181344195,1.0
polynomial,sto,0.0001,zeros,False,0.10375132149762732,0.8230126470624836,1.0
polynomial,sto,0.01,xavier,False,4.6375193387685814e+19,-8.219967825677702e+19,1.0
polynomial,sto,0.001,xavier,False,9.918346209003529,-15.435278650570224,1.0
polynomial,sto,0.0001,xavier,False,0.11132153647789393,0.8103692050572411,1.0
